cust_id,name,gender,age,location,occupation,annual_income,marital_status,age_group
1,Dhruv Bansal,Female,51.0,City,Business Owner,358211.0,Married,49-65
2,Kabir Thakur,Female,47.0,City,Consultant,65172.0,Single,26-48
3,Kriti Mangal,Male,21.0,City,Freelancer,22378.0,Married,18-25
4,Sara Dwivedi,Male,24.0,Rural,Freelancer,33563.0,Married,18-25
5,Aarohi Negi,Male,48.0,City,Consultant,39406.0,Married,26-48
6,Aditi Kaul,Male,22.0,City,Freelancer,44887.0,Married,18-25
7,Aisha Mittal,Female,32.0,Suburb,Business Owner,259013.0,Married,26-48
8,Aarya Choudhary,Male,27.0,City,Freelancer,159400.0,Married,26-48
9,Simran Naidu,Male,21.0,Suburb,Fullstack Developer,34814.0,Single,18-25
10,Rishabh Bhat,Male,25.0,Rural,Freelancer,39832.0,Married,18-25
11,Virat Monga,Male,39.0,City,Accountant,77588.0,Married,26-48
12,Veer Sen,Male,36.0,City,Accountant,67751.0,Married,26-48
13,Anika Kapoor,Male,24.0,City,Freelancer,25399.0,Married,18-25
14,Yash Chatterjee,Female,26.0,City,Data Scientist,189453.0,Married,26-48
15,Isha Arora,Female,25.0,Rural,Artist,45794.0,Married,18-25
16,Arya Sardar,Male,39.0,Suburb,Consultant,107167.0,Married,26-48
17,Aradhya Rastogi,Female,26.0,Suburb,Freelancer,141865.0,Married,26-48
18,Pooja Arora,Male,25.0,City,Data Scientist,10672.0,Married,18-25
19,Samaira Ganguly,Male,42.0,Suburb,Consultant,17575.0,Married,26-48
20,Kiaan Thakur,Male,28.0,City,Artist,33377.0,Single,26-48
21,Sara Rathod,Female,31.0,City,Accountant,60750.0,Married,26-48
22,Aarohi Jain,Male,59.0,City,Business Owner,435536.0,Married,49-65
23,Swara Pawar,Male,19.0,City,Freelancer,36863.0,Married,18-25
24,Suhani Sardar,Female,20.0,City,Freelancer,58263.0,Married,18-25
25,Aarushi Sen,Male,29.0,City,Fullstack Developer,109158.0,Single,26-48
26,Pooja Gambhir,Male,26.0,Rural,Freelancer,239099.0,Single,26-48
27,Aradhya Banerjee,Female,64.0,City,Business Owner,360483.0,Married,49-65
28,Aaditya Sareen,Male,39.0,City,Data Scientist,94444.0,Single,26-48
29,Swara Vernekar,Male,28.0,City,Freelancer,244482.0,Married,26-48
30,Suhani Choudhary,Male,31.0,Rural,Data Scientist,105583.0,Married,26-48
31,Aanya Srivastava,Male,29.0,Rural,Data Scientist,121738.0,Married,26-48
32,Veer Gambhir,Male,50.0,City,Business Owner,264749.0,Married,49-65
33,Ritvik Bansal,Male,32.0,City,Data Scientist,160219.0,Married,26-48
34,Priya Kaul,Male,38.0,City,Data Scientist,145795.0,Married,26-48
35,Amara Mathur,Female,21.0,City,Fullstack Developer,48825.0,Married,18-25
36,Ridhi Taneja,Male,41.0,City,Business Owner,448699.0,Married,26-48
37,Rishabh Rastogi,Male,39.0,Suburb,Data Scientist,135479.0,Single,26-48
38,Amara Kadam,Male,64.0,City,Business Owner,115498.0,Married,49-65
39,Mihika Rathod,Female,50.0,City,Business Owner,400804.0,Single,49-65
40,Amara Rathod,Male,43.0,City,Business Owner,383460.0,Married,26-48
41,Neha Duggal,Male,62.0,Suburb,Business Owner,327569.0,Married,49-65
42,Manya Thakur,Male,26.0,City,Artist,7621.0,Married,26-48
43,Swara Kulkarni,Female,32.0,City,Data Scientist,135759.0,Married,26-48
44,Rehan Jain,Male,44.0,Suburb,Consultant,94672.0,Married,26-48
45,Suhani Singhal,Male,29.0,Suburb,Freelancer,217475.0,Married,26-48
46,Aditi Mangal,Male,39.0,City,Business Owner,251842.0,Single,26-48
47,Anaya Gandhi,Male,27.0,Suburb,Freelancer,141513.0,Married,26-48
48,Aditya Jain,Male,32.0,City,Business Owner,117263.0,Married,26-48
49,Virat Singhania,Male,47.0,Suburb,Business Owner,248414.0,Married,26-48
50,Priya Chatterjee,Male,29.0,City,Data Scientist,182544.0,Married,26-48
51,Ananya Dutta,Male,39.0,City,Data Scientist,118963.0,Single,26-48
52,Aarav Dwivedi,Male,20.0,City,Freelancer,23487.0,Married,18-25
53,Aahana Khanna,Male,59.0,Suburb,Business Owner,446205.0,Single,49-65
54,Rehan Mehta,Male,29.0,City,Freelancer,84807.0,Married,26-48
55,Aaditya Patel,Male,24.0,City,Fullstack Developer,15095.0,Married,18-25
56,Aryan Vernekar,Male,24.0,City,Freelancer,55244.0,Married,18-25
57,Sneha Mukherjee,Male,61.0,City,Business Owner,166599.0,Married,49-65
58,Aisha Bali,Male,39.0,Rural,Business Owner,132814.0,Married,26-48
59,Yash Gambhir,Male,28.0,Suburb,Data Scientist,153225.0,Married,26-48
60,Aanya Negi,Female,23.0,City,Freelancer,32037.0,Married,18-25
61,Suhani Arora,Male,64.0,City,Business Owner,424763.0,Married,49-65
62,Gauri Malhotra,Male,25.0,Rural,Data Scientist,54288.0,Married,18-25
63,Samaira Chatterjee,Female,22.0,Rural,Artist,35667.0,Single,18-25
64,Yash Vaswani,Male,29.0,City,Artist,37897.0,Married,26-48
65,Aahana Tandon,Female,58.0,City,Business Owner,207709.0,Married,49-65
66,Aryan Lal,Male,25.0,City,Freelancer,24408.0,Married,18-25
67,Aradhya Gavaskar,Male,25.0,City,Data Scientist,57545.0,Single,18-25
68,Kriti Dutta,Male,40.0,Suburb,Consultant,57892.0,Married,26-48
69,Vivaan Gandhi,Female,42.0,City,Consultant,86865.0,Married,26-48
70,Avinash Anand,Male,18.0,City,Freelancer,37815.0,Married,18-25
71,Aditya Tiwari,Male,23.0,Suburb,Freelancer,13401.0,Married,18-25
72,Dhruv Bali,Male,25.0,Suburb,Freelancer,7413.0,Married,18-25
73,Veer Jaiswal,Male,28.0,City,Accountant,66647.0,Married,26-48
74,Arya Dewan,Male,61.0,Suburb,Business Owner,277571.0,Single,49-65
75,Anika Wadhwa,Female,25.0,City,Freelancer,28391.0,Married,18-25
76,Kabir Dwivedi,Female,34.0,Suburb,Data Scientist,176363.0,Married,26-48
77,Advait Tiwari,Male,33.0,City,Business Owner,271144.0,Married,26-48
78,Avinash Pande,Male,55.0,City,Business Owner,146774.0,Married,49-65
79,Aarohi Sardar,Female,23.0,City,Freelancer,43637.0,Married,18-25
80,Aditi Dhawan,Male,42.0,Suburb,Consultant,85998.0,Married,26-48
81,Aarya Sareen,Male,20.0,City,Fullstack Developer,55682.0,Married,18-25
82,Advik Bhat,Male,41.0,City,Business Owner,278341.0,Married,26-48
83,Sanjana Singhal,Male,27.0,City,Freelancer,46759.0,Single,26-48
84,Rudra Bali,Male,43.0,Rural,Consultant,15804.0,Married,26-48
85,Isha Singhal,Male,46.0,Suburb,Business Owner,164680.0,Single,26-48
86,Aanya Yadav,Female,34.0,Rural,Data Scientist,108807.0,Married,26-48
87,Aarav Dutta,Male,44.0,Suburb,Consultant,34798.0,Single,26-48
88,Sia Dubey,Male,29.0,Suburb,Freelancer,217291.0,Single,26-48
89,Krishna Agarwal,Male,32.0,Rural,Fullstack Developer,148065.0,Single,26-48
90,Virat Lalwani,Male,53.0,Suburb,Consultant,114376.0,Married,49-65
91,Anjali Ver,Male,34.0,City,Fullstack Developer,122238.0,Married,26-48
92,Akshay Chatterjee,Male,30.0,City,Fullstack Developer,137455.0,Married,26-48
93,Sara Jha,Male,50.0,City,Business Owner,165189.0,Single,49-65
94,Isha Naidu,Male,56.0,City,Business Owner,393253.0,Married,49-65
95,Yuvraj Goyal,Female,24.0,Suburb,Freelancer,7165.0,Married,18-25
96,Ananya Tiwari,Male,35.0,City,Data Scientist,124090.0,Single,26-48
97,Reyansh Dubey,Male,51.0,City,Business Owner,387177.0,Married,49-65
98,Sia Batra,Male,47.0,Suburb,Business Owner,264749.0,Married,26-48
99,Ridhi Mhatre,Male,26.0,Suburb,Fullstack Developer,157221.0,Married,26-48
100,Aditya Dwivedi,Female,53.0,City,Consultant,49772.0,Single,49-65
101,Avyanna Puri,Male,52.0,City,Business Owner,283742.0,Married,49-65
102,Avyanna Patel,Male,42.0,City,Consultant,53075.0,Married,26-48
103,Pooja Ganguly,Male,32.0,City,Data Scientist,137381.0,Married,26-48
104,Aahana Goyal,Male,27.0,City,Data Scientist,182998.0,Married,26-48
105,Dhruv Dhawan,Male,35.0,City,Data Scientist,195686.0,Married,26-48
106,Sara Joshi,Male,32.0,City,Data Scientist,180608.0,Married,26-48
107,Kiaan Sinha,Male,62.0,City,Business Owner,324767.0,Married,49-65
108,Advait Lal,Female,46.0,Suburb,Consultant,20188.0,Single,26-48
109,Samaira Jain,Male,43.0,City,Business Owner,301993.0,Single,26-48
110,Kiaan Sareen,Female,60.0,City,Business Owner,309218.0,Single,49-65
111,Aaryan Sharma,Male,38.0,Suburb,Business Owner,250416.0,Married,26-48
112,Dhruv Bose,Male,26.0,City,Freelancer,172394.0,Married,26-48
113,Ishita Mehrotra,Male,55.0,City,Business Owner,303207.0,Married,49-65
114,Advik Bose,Female,22.0,City,Freelancer,18326.0,Married,18-25
115,Aarav Taneja,Male,26.0,Suburb,Accountant,71601.0,Married,26-48
116,Anjali Mehtani,Female,19.0,City,Freelancer,26246.0,Married,18-25
117,Dhruv Khanna,Male,29.0,Rural,Data Scientist,196585.0,Single,26-48
118,Aditya Rao,Male,59.0,Rural,Business Owner,200751.0,Married,49-65
119,Advait Bali,Male,21.0,Suburb,Freelancer,24118.0,Married,18-25
120,Akshay Mehtani,Male,30.0,City,Fullstack Developer,141137.0,Married,26-48
121,Aahan Choudhary,Male,23.0,Suburb,Freelancer,38592.0,Married,18-25
122,Kunal Dutta,Male,57.0,Suburb,Business Owner,211590.0,Married,49-65
123,Zara Kulkarni,Male,35.0,City,Business Owner,175679.0,Single,26-48
124,Myra Sareen,Male,63.0,City,Business Owner,411300.0,Married,49-65
125,Avani Dhawan,Male,23.0,Suburb,Freelancer,7043.0,Single,18-25
126,Sara Negi,Male,46.0,City,Business Owner,129681.0,Married,26-48
127,Priya Dua,Female,24.0,City,Freelancer,41794.0,Married,18-25
128,Kabir Saxena,Male,28.0,Rural,Artist,45794.0,Married,26-48
129,Yash Sinha,Male,29.0,City,Data Scientist,122508.0,Single,26-48
130,Avyanna Kulkarni,Male,28.0,City,Artist,74464.0,Married,26-48
131,Aahan Wadhwa,Male,26.0,City,Artist,59543.0,Married,26-48
132,Riya Sinha,Male,24.0,Rural,Freelancer,56825.0,Married,18-25
133,Aditi Gambhir,Female,29.0,Suburb,Fullstack Developer,114178.0,Single,26-48
134,Swara Goswami,Male,35.0,Suburb,Business Owner,76370.0,Married,26-48
135,Aarya Goswami,Female,22.0,City,Freelancer,36816.0,Single,18-25
136,Avinash Kaul,Female,29.0,Suburb,Fullstack Developer,158843.0,Married,26-48
137,Vihaan Bansal,Male,28.0,City,Freelancer,66912.0,Married,26-48
138,Aahan Dwivedi,Female,59.0,Suburb,Business Owner,395783.0,Married,49-65
139,Avyanna Reddy,Male,36.0,City,Data Scientist,150480.0,Married,26-48
140,Aaditya Soni,Male,50.0,Rural,Business Owner,333645.0,Married,49-65
141,Aditi Rastogi,Female,23.0,City,Freelancer,29641.0,Married,18-25
142,Akshay Vaswani,Female,19.0,City,Freelancer,43235.0,Married,18-25
143,Arya Dubey,Female,20.0,City,Fullstack Developer,7761.0,Married,18-25
144,Isha Rathod,Male,41.0,Suburb,Consultant,30231.0,Single,26-48
145,Samar Tandon,Male,60.0,City,Business Owner,390068.0,Married,49-65
146,Krishna Rathore,Male,23.0,City,Freelancer,36297.0,Married,18-25
147,Rudra Goswami,Female,38.0,Suburb,Data Scientist,168269.0,Married,26-48
148,Sara Dube,Male,55.0,City,Business Owner,88579.0,Single,49-65
149,Yash Shah,Male,39.0,City,Data Scientist,152828.0,Single,26-48
150,Aanya Wadhwa,Female,19.0,City,Freelancer,58123.0,Married,18-25
151,Simran Naidu,Male,29.0,City,Artist,61482.0,Married,26-48
152,Arnav Puri,Male,39.0,Suburb,Business Owner,260057.0,Single,26-48
153,Aradhya Rana,Female,30.0,Suburb,Fullstack Developer,74531.0,Married,26-48
154,Aarushi Chatterjee,Male,32.0,Suburb,Fullstack Developer,122006.0,Single,26-48
155,Aarya Mangal,Female,33.0,City,Data Scientist,124973.0,Married,26-48
156,Krishna Trivedi,Male,24.0,City,Fullstack Developer,78291.0,Married,18-25
157,Avinash Rao,Male,27.0,City,Freelancer,215049.0,Married,26-48
158,Sara Dua,Male,40.0,City,Consultant,82122.0,Married,26-48
159,Mira Rastogi,Male,23.0,City,Freelancer,22917.0,Married,18-25
160,Gauri Mathur,Male,32.0,Rural,Business Owner,175636.0,Married,26-48
161,Ritvik Tiwari,Male,47.0,City,Business Owner,432333.0,Married,26-48
162,Samaira Bose,Male,55.0,City,Business Owner,353263.0,Single,49-65
163,Avinash Rathore,Male,32.0,City,Fullstack Developer,84638.0,Married,26-48
164,Aahan Saxena,Male,29.0,Rural,Freelancer,68445.0,Married,26-48
165,Arjun Mukherjee,Female,25.0,City,Freelancer,32199.0,Married,18-25
166,Swara Mehtani,Female,24.0,City,Freelancer,39721.0,Single,18-25
167,Simran Kadam,Male,42.0,Rural,Business Owner,248679.0,Married,26-48
168,Ishan Mangal,Male,41.0,City,Business Owner,331377.0,Married,26-48
169,Rohan Rao,Male,45.0,City,Business Owner,355902.0,Married,26-48
170,Kiaan Dwivedi,Female,32.0,Suburb,Fullstack Developer,147636.0,Single,26-48
171,Advait Kulkarni,Male,52.0,City,Business Owner,264749.0,Single,49-65
172,Reyansh Mukherjee,Male,46.0,Rural,Consultant,25003.0,Married,26-48
173,Ayush Dua,Female,57.0,City,Business Owner,319766.0,Single,49-65
174,Ridhi Choudhary,Male,21.0,City,Freelancer,38793.0,Married,18-25
175,Sneha Jaiswal,Male,24.0,City,Freelancer,23723.0,Married,18-25
176,Ishan Kaul,Male,52.0,City,Business Owner,235437.0,Married,49-65
177,Aaditya Goswami,Female,29.0,City,Fullstack Developer,102947.0,Married,26-48
178,Avyanna Joshi,Female,47.0,City,Business Owner,208398.0,Married,26-48
179,Anjali Verma,Male,54.0,City,Consultant,14146.0,Married,49-65
180,Anaya Singhania,Male,53.0,City,Business Owner,412037.0,Married,49-65
181,Rehan Agarwal,Female,39.0,Rural,Data Scientist,175619.0,Married,26-48
182,Pranav Jain,Male,49.0,Suburb,Business Owner,335310.0,Married,49-65
183,Aarohi Joshi,Male,30.0,City,Fullstack Developer,105757.0,Single,26-48
184,Aradhya Vernekar,Male,21.0,Rural,Freelancer,32896.0,Married,18-25
185,Anjali Thakur,Male,33.0,City,Business Owner,324357.0,Single,26-48
186,Sneha Tandon,Male,53.0,Suburb,Consultant,105511.0,Married,49-65
187,Aanya Pande,Male,53.0,City,Consultant,59892.0,Single,49-65
188,Suhani Patil,Female,47.0,City,Consultant,116470.0,Single,26-48
189,Krishna Bansal,Female,42.0,Suburb,Consultant,111008.0,Married,26-48
190,Aarohi Bajaj,Male,29.0,Suburb,Fullstack Developer,146521.0,Married,26-48
191,Yash Bansal,Female,35.0,City,Business Owner,216172.0,Single,26-48
192,Avinash Rastogi,Female,25.0,Suburb,Fullstack Developer,28265.0,Single,18-25
193,Mira Naidu,Male,37.0,Suburb,Data Scientist,137381.0,Married,26-48
194,Krishna Kaul,Female,43.0,Suburb,Consultant,95980.0,Single,26-48
195,Kriti Mittal,Male,33.0,City,Data Scientist,96405.0,Married,26-48
196,Anika Goel,Male,46.0,Suburb,Consultant,33066.0,Married,26-48
197,Krishna Verma,Male,28.0,City,Fullstack Developer,98819.0,Single,26-48
198,Myra Mistry,Male,25.0,City,Freelancer,40268.0,Married,18-25
199,Arya Acharya,Male,32.0,City,Fullstack Developer,158983.0,Married,26-48
200,Kunal Sardar,Female,27.0,City,Freelancer,71186.0,Married,26-48
201,Neha Joshi,Male,20.0,City,Freelancer,59783.0,Single,18-25
202,Ridhi Mehta,Female,24.0,City,Freelancer,38690.0,Married,18-25
203,Aryan Joshi,Female,32.0,City,Data Scientist,156671.0,Single,26-48
204,Isha Duggal,Male,25.0,Suburb,Fullstack Developer,55866.0,Married,18-25
205,Amara Bhat,Male,26.0,City,Artist,45048.0,Married,26-48
206,Rishabh Tandon,Male,39.0,City,Data Scientist,174253.0,Single,26-48
207,Aaditya Nanda,Male,26.0,City,Freelancer,234104.0,Married,26-48
208,Veer Dwivedi,Male,26.0,City,Artist,59356.0,Married,26-48
209,Reyansh Gandhi,Male,24.0,City,Fullstack Developer,34723.0,Single,18-25
210,Virat Bajaj,Female,33.0,Rural,Fullstack Developer,94955.0,Married,26-48
211,Sara Shetty,Male,24.0,City,Fullstack Developer,18231.0,Married,18-25
212,Aditi Tiwari,Female,23.0,City,Artist,46738.0,Married,18-25
213,Aaditya Rana,Female,31.0,City,Data Scientist,115280.0,Married,26-48
214,Mira Dutta,Female,32.0,City,Data Scientist,93963.0,Married,26-48
215,Avani Patel,Male,28.0,City,Freelancer,173703.0,Married,26-48
216,Myra Lalwani,Male,41.0,Suburb,Business Owner,118327.0,Married,26-48
217,Dhruv Singhal,Male,19.0,City,Freelancer,53788.0,Married,18-25
218,Priya Rastogi,Male,23.0,City,Fullstack Developer,19374.0,Married,18-25
219,Arnav Gupta,Male,26.0,City,Artist,76263.0,Married,26-48
220,Kunal Acharya,Male,18.0,Rural,Freelancer,9568.0,Married,18-25
221,Vivaan Gambhir,Male,64.0,Suburb,Business Owner,222442.0,Married,49-65
222,Rehan Thakur,Male,32.0,City,Data Scientist,171203.0,Married,26-48
223,Aaryan Bajaj,Male,24.0,Suburb,Freelancer,210987.0,Married,18-25
224,Mira Goswami,Male,53.0,Suburb,Business Owner,382812.0,Married,49-65
225,Dhruv Patil,Female,50.0,City,Consultant,25109.0,Married,49-65
226,Aarohi Rathod,Male,39.0,Suburb,Accountant,79953.0,Married,26-48
227,Ritvik Sinha,Female,21.0,City,Freelancer,37836.0,Married,18-25
228,Mihika Batra,Male,48.0,City,Business Owner,264749.0,Married,26-48
229,Aaryan Gandhi,Female,59.0,City,Business Owner,207356.0,Married,49-65
230,Rudra Lal,Male,24.0,Rural,Freelancer,7906.0,Single,18-25
231,Rohan Kapoor,Female,32.0,Suburb,Business Owner,449346.0,Married,26-48
232,Kabir Ver,Female,41.0,City,Consultant,38735.0,Married,26-48
233,Aaditya Rathore,Male,26.0,City,Freelancer,46759.0,Married,26-48
234,Rishabh Rana,Male,58.0,City,Business Owner,448510.0,Single,49-65
235,Riya Soni,Male,34.0,Suburb,Fullstack Developer,99709.0,Married,26-48
236,Vivaan Malik,Male,63.0,Suburb,Business Owner,243612.0,Married,49-65
237,Avyanna Mittal,Female,34.0,City,Fullstack Developer,122550.0,Single,26-48
238,Rehan Jaiswal,Male,52.0,Suburb,Business Owner,227410.0,Married,49-65
239,Aditya Khanna,Male,25.0,City,Data Scientist,23667.0,Single,18-25
240,Sia Agarwal,Male,26.0,Suburb,Freelancer,129256.0,Married,26-48
241,Yuvraj Chatterjee,Male,24.0,Suburb,Freelancer,46759.0,Married,18-25
242,Aarohi Acharya,Male,44.0,City,Consultant,14589.0,Married,26-48
243,Neha Rathore,Male,43.0,City,Business Owner,140062.0,Married,26-48
244,Krishna Dwivedi,Female,23.0,City,Fullstack Developer,58503.0,Single,18-25
245,Swara Nanda,Female,29.0,City,Fullstack Developer,139290.0,Married,26-48
246,Aradhya Nanda,Male,44.0,City,Consultant,93948.0,Married,26-48
247,Advik Bhat,Male,25.0,City,Freelancer,13370.0,Single,18-25
248,Simran Vernekar,Male,26.0,Suburb,Freelancer,138254.0,Married,26-48
249,Avani Das,Female,29.0,City,Fullstack Developer,141586.0,Married,26-48
250,Priya Choudhary,Female,36.0,City,Business Owner,159195.0,Married,26-48
251,Advait Goswami,Male,39.0,City,Consultant,26264.0,Married,26-48
252,Kunal Dewan,Male,55.0,Rural,Business Owner,415815.0,Single,49-65
253,Amaira Jha,Female,59.0,Suburb,Business Owner,138525.0,Married,49-65
254,Myra Malhotra,Male,21.0,City,Fullstack Developer,9682.0,Married,18-25
255,Krishna Mukherjee,Female,29.0,City,Data Scientist,171653.0,Single,26-48
256,Aaryan Srivastava,Female,33.0,City,Fullstack Developer,133110.0,Married,26-48
257,Avinash Jain,Male,28.0,City,Freelancer,205791.0,Married,26-48
258,Anika Wadhwa,Male,28.0,City,Artist,35731.0,Married,26-48
259,Anika Taneja,Male,28.0,City,Freelancer,172607.0,Married,26-48
260,Aisha Mittal,Male,32.0,City,Business Owner,358506.0,Married,26-48
261,Simran Sahani,Female,36.0,Rural,Data Scientist,186609.0,Married,26-48
262,Amara Mittal,Female,21.0,Rural,Freelancer,52403.0,Married,18-25
263,Veer Rathod,Male,53.0,Suburb,Business Owner,264749.0,Married,49-65
264,Ridhi Chatterjee,Male,26.0,Rural,Freelancer,211261.0,Single,26-48
265,Yuvraj Vasudeva,Female,26.0,City,Data Scientist,133189.0,Married,26-48
266,Aaryan Gambhir,Female,39.0,Suburb,Data Scientist,117773.0,Married,26-48
267,Rohan Rastogi,Male,22.0,City,Freelancer,49060.0,Single,18-25
268,Suhani Mittal,Female,20.0,City,Fullstack Developer,42291.0,Single,18-25
269,Anjali Nair,Male,42.0,City,Consultant,62387.0,Married,26-48
270,Amaira Sinha,Male,48.0,City,Consultant,85775.0,Married,26-48
271,Simran Shukla,Male,29.0,City,Data Scientist,141741.0,Married,26-48
272,Rudra Sareen,Female,61.0,City,Business Owner,123639.0,Married,49-65
273,Sia Jha,Male,50.0,Suburb,Business Owner,264749.0,Married,49-65
274,Kavya Arora,Male,33.0,City,Data Scientist,135474.0,Married,26-48
275,Simran Bhat,Male,28.0,City,Fullstack Developer,72892.0,Married,26-48
276,Virat Tandon,Female,47.0,City,Consultant,59892.0,Single,26-48
277,Manya Dutta,Male,41.0,City,Consultant,21673.0,Married,26-48
278,Amaira Dewan,Male,46.0,City,Consultant,96522.0,Single,26-48
279,Neha Thakur,Female,29.0,City,Freelancer,59609.0,Married,26-48
280,Ridhi Mehrotra,Male,61.0,City,Business Owner,415203.0,Married,49-65
281,Pooja Kulkarni,Female,32.0,City,Business Owner,100846.0,Married,26-48
282,Aradhya Pandey,Male,26.0,City,Fullstack Developer,101491.0,Married,26-48
283,Sia Reddy,Male,30.0,City,Data Scientist,190344.0,Single,26-48
284,Yuvraj Dutta,Male,21.0,Rural,Fullstack Developer,26514.0,Married,18-25
285,Arnav Ver,Female,29.0,City,Data Scientist,109050.0,Married,26-48
286,Suhani Pande,Female,34.0,City,Data Scientist,107622.0,Single,26-48
287,Ananya Dua,Female,25.0,Rural,Data Scientist,10847.0,Single,18-25
288,Riya Mehrotra,Male,35.0,City,Business Owner,105873.0,Single,26-48
289,Gauri Mangal,Female,64.0,City,Business Owner,145898.0,Married,49-65
290,Pooja Dubey,Male,48.0,City,Business Owner,162017.0,Married,26-48
291,Aryan Gupta,Female,48.0,City,Consultant,71725.0,Married,26-48
292,Aanya Choudhary,Male,21.0,Suburb,Freelancer,31174.0,Married,18-25
293,Ananya Lal,Male,61.0,City,Business Owner,213270.0,Married,49-65
294,Manya Lal,Female,64.0,Suburb,Business Owner,108461.0,Married,49-65
295,Rohan Dewan,Male,33.0,Rural,Data Scientist,168348.0,Married,26-48
296,Veer Anand,Male,31.5,Rural,Accountant,55254.0,Married,26-48
297,Vihaan Sen,Male,21.0,City,Freelancer,44908.0,Single,18-25
298,Reyansh Gambhir,Male,60.0,City,Business Owner,123518.0,Married,49-65
299,Aradhya Rana,Female,34.0,City,Data Scientist,96494.0,Married,26-48
300,Sanjana Jaiswal,Female,32.0,City,Business Owner,448071.0,Married,26-48
301,Arjun Monga,Male,40.0,Suburb,Business Owner,184295.0,Married,26-48
302,Amara Vaswani,Female,61.0,City,Business Owner,245243.0,Single,49-65
303,Aarya Acharya,Female,23.0,Rural,Freelancer,25999.0,Married,18-25
304,Kriti Mathur,Female,63.0,Suburb,Business Owner,192494.0,Married,49-65
305,Vivaan Srivastava,Female,54.0,Suburb,Business Owner,314037.0,Single,49-65
306,Ishita Malik,Male,37.0,City,Business Owner,306699.0,Married,26-48
307,Aarya Kadam,Female,19.0,Suburb,Freelancer,40695.0,Married,18-25
308,Veer Malhotra,Male,50.0,Suburb,Business Owner,83075.0,Married,49-65
309,Aditya Goel,Male,31.0,Suburb,Fullstack Developer,110926.0,Single,26-48
310,Zara Mathur,Male,62.0,City,Business Owner,254840.0,Married,49-65
311,Aisha Agarwal,Male,39.0,Rural,Data Scientist,172924.0,Married,26-48
312,Krishna Jain,Male,29.0,City,Freelancer,222881.0,Married,26-48
313,Akshay Dube,Male,50.0,City,Consultant,59892.0,Married,49-65
314,Aanya Wadhwa,Female,53.0,City,Business Owner,309817.0,Married,49-65
315,Aditi Patil,Male,18.0,Suburb,Freelancer,10745.0,Single,18-25
316,Aradhya Pawar,Female,25.0,City,Data Scientist,137381.0,Married,18-25
317,Avinash Chauhan,Male,47.0,City,Consultant,59892.0,Married,26-48
318,Veer D'Souza,Male,64.0,Suburb,Business Owner,260977.0,Married,49-65
319,Ishan Das,Male,29.0,City,Data Scientist,195695.0,Married,26-48
320,Priya Mehrotra,Female,54.0,City,Business Owner,117140.0,Married,49-65
321,Ananya Bansal,Male,60.0,Suburb,Business Owner,384275.0,Married,49-65
322,Aisha D'Souza,Male,49.0,Rural,Business Owner,148301.0,Married,49-65
323,Dhruv Acharya,Male,34.0,City,Data Scientist,99417.0,Married,26-48
324,Sara Raj,Female,52.0,Suburb,Consultant,39037.0,Married,49-65
325,Aarya Gupta,Male,24.0,City,Freelancer,48700.0,Married,18-25
326,Yash Chatterjee,Male,31.5,City,Accountant,61021.0,Single,26-48
327,Vivaan Dhawan,Female,33.0,Suburb,Data Scientist,196607.0,Married,26-48
328,Ananya Singh,Male,34.0,City,Business Owner,253981.0,Married,26-48
329,Ridhi Bali,Male,32.0,City,Business Owner,107900.0,Single,26-48
330,Myra Bajaj,Female,61.0,Rural,Business Owner,212028.0,Married,49-65
331,Avani Wadhwa,Female,55.0,City,Business Owner,382680.0,Married,49-65
332,Ayush Vernekar,Male,57.0,City,Business Owner,428156.0,Married,49-65
333,Aaryan Rathore,Female,43.0,City,Business Owner,199099.0,Married,26-48
334,Samaira D'Souza,Female,29.0,City,Data Scientist,137381.0,Married,26-48
335,Manya Jha,Male,24.0,City,Fullstack Developer,13000.0,Married,18-25
336,Aisha Pande,Male,35.0,City,Data Scientist,151432.0,Single,26-48
337,Sneha Acharya,Male,29.0,Suburb,Artist,79267.0,Married,26-48
338,Rohan Banerjee,Female,21.0,City,Freelancer,59272.0,Single,18-25
339,Sara Sareen,Male,47.0,Suburb,Consultant,100299.0,Single,26-48
340,Isha Mangal,Male,29.0,City,Data Scientist,164717.0,Married,26-48
341,Ridhi Rastogi,Female,33.0,Rural,Fullstack Developer,78291.0,Married,26-48
342,Gauri Gupta,Female,24.0,City,Fullstack Developer,40146.0,Married,18-25
343,Arya Sen,Male,47.0,City,Business Owner,298432.0,Married,26-48
344,Aarav Rana,Male,21.0,Suburb,Freelancer,9854.0,Married,18-25
345,Ishan D'Souza,Male,32.0,City,Fullstack Developer,136118.0,Married,26-48
346,Kunal Shetty,Female,29.0,City,Fullstack Developer,99499.0,Single,26-48
347,Ritvik Chatterjee,Female,47.0,Rural,Consultant,57297.0,Single,26-48
348,Zara Pawar,Female,53.0,Suburb,Consultant,49156.0,Married,49-65
349,Isha Acharya,Female,33.0,City,Data Scientist,149105.0,Married,26-48
350,Reyansh Gambhir,Male,25.0,City,Freelancer,9379.0,Married,18-25
351,Akshay Anand,Female,18.0,Suburb,Freelancer,14985.0,Single,18-25
352,Aarya Saxena,Female,47.0,City,Business Owner,267976.0,Married,26-48
353,Sneha Sethi,Male,31.0,City,Fullstack Developer,153492.0,Married,26-48
354,Aanya Wadhwa,Female,23.0,City,Freelancer,22908.0,Married,18-25
355,Rehan Reddy,Male,28.0,Suburb,Freelancer,127755.0,Single,26-48
356,Rehan Rana,Male,27.0,City,Fullstack Developer,74383.0,Single,26-48
357,Amaira Sharma,Female,24.0,City,Freelancer,23891.0,Married,18-25
358,Vihaan Taneja,Male,55.0,Suburb,Business Owner,136671.0,Married,49-65
359,Aarav Ganguly,Male,28.0,Suburb,Artist,52885.0,Married,26-48
360,Aarohi Dwivedi,Female,51.0,City,Business Owner,246449.0,Married,49-65
361,Sia Shukla,Female,18.0,City,Freelancer,28034.0,Married,18-25
362,Zara Naidu,Male,34.0,City,Fullstack Developer,111631.0,Single,26-48
363,Kavya Singh,Male,20.0,City,Fullstack Developer,33638.0,Married,18-25
364,Aaditya Lal,Female,36.0,City,Data Scientist,148069.0,Married,26-48
365,Rishabh Chatterjee,Female,38.0,Suburb,Data Scientist,159476.0,Married,26-48
366,Aradhya Shetty,Male,20.0,City,Fullstack Developer,38830.0,Married,18-25
367,Aaditya Trivedi,Male,24.0,City,Freelancer,12234.0,Single,18-25
368,Avyanna Rao,Male,26.0,City,Data Scientist,158322.0,Married,26-48
369,Aahana Mehta,Male,26.0,City,Artist,38630.0,Married,26-48
370,Neha Tandon,Male,27.0,City,Freelancer,172989.0,Married,26-48
371,Sia Anand,Female,34.0,City,Fullstack Developer,150269.0,Married,26-48
372,Pranav Dhawan,Male,27.0,City,Artist,34205.0,Married,26-48
373,Mira Vasudeva,Male,55.0,City,Business Owner,404309.0,Married,49-65
374,Virat Gulati,Male,39.0,City,Data Scientist,124138.0,Married,26-48
375,Ridhi Vernekar,Female,28.0,City,Freelancer,81226.0,Married,26-48
376,Aarohi Nair,Male,50.0,Suburb,Consultant,89475.0,Single,49-65
377,Advik Acharya,Female,30.0,City,Data Scientist,191685.0,Married,26-48
378,Priya Rana,Male,54.0,City,Business Owner,323843.0,Married,49-65
379,Avyanna Dua,Male,34.0,City,Data Scientist,171556.0,Married,26-48
380,Krishna Kulkarni,Female,59.0,City,Business Owner,360385.0,Single,49-65
381,Samar Patil,Male,23.0,City,Freelancer,46759.0,Single,18-25
382,Ishan Malik,Male,25.0,Suburb,Fullstack Developer,13510.0,Married,18-25
383,Akshay Saxena,Female,33.0,Suburb,Business Owner,388679.0,Married,26-48
384,Avyanna Kapoor,Male,30.0,City,Data Scientist,180424.0,Married,26-48
385,Ayush Rastogi,Male,35.0,City,Data Scientist,137381.0,Single,26-48
386,Pranav Ver,Male,21.0,City,Fullstack Developer,24726.0,Married,18-25
387,Avyanna Mehrotra,Male,30.0,City,Fullstack Developer,75257.0,Single,26-48
388,Neha Das,Male,47.0,City,Business Owner,290093.0,Single,26-48
389,Ridhi Vaswani,Female,48.0,City,Business Owner,123107.0,Married,26-48
390,Rohan Mhatre,Male,26.0,City,Freelancer,188117.0,Married,26-48
391,Anaya Srinivasan,Female,55.0,City,Business Owner,399169.0,Married,49-65
392,Kunal Malik,Male,47.0,Suburb,Business Owner,150225.0,Married,26-48
393,Anjali Tiwari,Male,39.0,Rural,Data Scientist,123922.0,Married,26-48
394,Simran Rana,Female,31.0,City,Data Scientist,148674.0,Married,26-48
395,Rudra Trivedi,Female,52.0,City,Consultant,93565.0,Married,49-65
396,Amaira Khanna,Female,62.0,City,Business Owner,227798.0,Married,49-65
397,Advait Wadhwa,Male,50.0,Rural,Business Owner,343178.0,Married,49-65
398,Aarya Pandey,Male,60.0,Suburb,Business Owner,312116.0,Single,49-65
399,Sia Gavaskar,Male,28.0,City,Fullstack Developer,149197.0,Single,26-48
400,Pooja Bhat,Male,55.0,City,Business Owner,218840.0,Married,49-65
401,Samaira Saxena,Female,32.0,City,Fullstack Developer,87876.0,Married,26-48
402,Ananya Kaul,Male,63.0,Rural,Business Owner,374818.0,Married,49-65
403,Pranav Gambhir,Male,60.0,City,Business Owner,264749.0,Married,49-65
404,Isha Dubey,Male,21.0,City,Freelancer,41939.0,Married,18-25
405,Kavya Rao,Male,26.0,City,Data Scientist,137381.0,Single,26-48
406,Aaryan Singh,Female,29.0,City,Fullstack Developer,107615.0,Single,26-48
407,Aarya Yadav,Female,37.0,City,Data Scientist,129765.0,Married,26-48
408,Avyanna Mistry,Male,29.0,City,Freelancer,204721.0,Single,26-48
409,Yash Pawar,Male,29.0,Suburb,Data Scientist,125013.0,Married,26-48
410,Ridhi Pandey,Male,45.0,Rural,Consultant,59892.0,Married,26-48
411,Rehan Shetty,Female,25.0,Rural,Artist,21827.0,Married,18-25
412,Rehan Acharya,Female,24.0,City,Fullstack Developer,14941.0,Married,18-25
413,Rishabh Kulkarni,Female,36.0,Suburb,Business Owner,169278.0,Married,26-48
414,Aarohi Kulkarni,Male,36.0,City,Data Scientist,108063.0,Married,26-48
415,Aarav Chatterjee,Female,24.0,City,Freelancer,40510.0,Married,18-25
416,Ishan Mhatre,Male,27.0,City,Freelancer,60647.0,Married,26-48
417,Pranav Bansal,Male,29.0,City,Fullstack Developer,110584.0,Married,26-48
418,Ritvik Gulati,Male,31.0,City,Fullstack Developer,88945.0,Married,26-48
419,Akshay Lalwani,Female,64.0,City,Business Owner,386681.0,Single,49-65
420,Kiaan Pawar,Female,29.0,City,Fullstack Developer,118838.0,Married,26-48
421,Isha Verma,Male,44.0,City,Business Owner,418162.0,Married,26-48
422,Akshay Singhania,Male,25.0,City,Freelancer,33413.0,Married,18-25
423,Arya Sinha,Female,22.0,City,Fullstack Developer,42452.0,Married,18-25
424,Kabir Singhal,Female,21.0,City,Freelancer,44668.0,Married,18-25
425,Vihaan Dube,Male,32.0,City,Data Scientist,141158.0,Married,26-48
426,Kunal Verma,Male,34.0,City,Data Scientist,153399.0,Single,26-48
427,Arnav Singhal,Female,40.0,City,Business Owner,195457.0,Single,26-48
428,Dhruv Sahani,Female,39.0,Suburb,Data Scientist,158997.0,Married,26-48
429,Manya Mhatre,Female,63.0,Suburb,Business Owner,260311.0,Single,49-65
430,Ishita Wadhwa,Female,55.0,City,Business Owner,365184.0,Married,49-65
431,Aarav Nanda,Male,22.0,Suburb,Freelancer,32440.0,Married,18-25
432,Sneha Duggal,Female,26.0,City,Freelancer,149828.0,Married,26-48
433,Ananya Pande,Female,60.0,Rural,Business Owner,118236.0,Single,49-65
434,Aarya Das,Female,28.0,Suburb,Data Scientist,182741.0,Married,26-48
435,Sara Sahani,Male,29.0,City,Data Scientist,120871.0,Married,26-48
436,Advik Srivastava,Female,21.0,Suburb,Fullstack Developer,47667.0,Single,18-25
437,Suhani Jha,Female,25.0,Rural,Fullstack Developer,47353.0,Married,18-25
438,Rehan Shetty,Female,25.0,City,Fullstack Developer,19064.0,Married,18-25
439,Krishna Chatterjee,Male,21.0,City,Freelancer,38797.0,Married,18-25
440,Kabir Agarwal,Male,27.0,City,Fullstack Developer,118900.0,Married,26-48
441,Arnav Yadav,Male,36.0,Suburb,Data Scientist,137381.0,Married,26-48
442,Aradhya Duggal,Male,32.0,Rural,Business Owner,427436.0,Married,26-48
443,Aaditya Chatterjee,Male,53.0,City,Business Owner,77003.0,Married,49-65
444,Myra Mukherjee,Male,37.0,City,Business Owner,78223.0,Married,26-48
445,Kunal Jaiswal,Male,21.0,City,Freelancer,51269.0,Married,18-25
446,Arjun Sethi,Male,32.0,City,Data Scientist,106161.0,Married,26-48
447,Sneha Nair,Male,60.0,City,Business Owner,264749.0,Married,49-65
448,Ishan Tandon,Female,28.0,Suburb,Data Scientist,107739.0,Married,26-48
449,Aahan Gulati,Female,22.0,Rural,Freelancer,23593.0,Married,18-25
450,Sanjana Naidu,Female,24.0,Suburb,Fullstack Developer,78291.0,Married,18-25
451,Manya Malhotra,Male,29.0,Rural,Freelancer,104885.0,Married,26-48
452,Anjali Puri,Male,26.0,City,Data Scientist,116545.0,Married,26-48
453,Aahana Arora,Female,33.0,City,Data Scientist,159157.0,Married,26-48
454,Arjun Gulati,Male,39.0,City,Data Scientist,153147.0,Married,26-48
455,Kriti Singhal,Male,52.0,City,Business Owner,351625.0,Married,49-65
456,Yash Sahani,Male,41.0,Rural,Consultant,106403.0,Married,26-48
457,Gauri Agarwal,Male,37.0,Suburb,Data Scientist,97357.0,Married,26-48
458,Suhani Mittal,Male,22.0,Rural,Fullstack Developer,20040.0,Single,18-25
459,Kavya Puri,Female,26.0,City,Freelancer,229552.0,Married,26-48
460,Arnav Shah,Male,28.0,City,Data Scientist,109181.0,Single,26-48
461,Aarushi Ganguly,Male,27.0,Suburb,Data Scientist,104374.0,Married,26-48
462,Pooja Gandhi,Male,33.0,City,Data Scientist,137381.0,Married,26-48
463,Arjun Sareen,Male,21.0,City,Fullstack Developer,30644.0,Married,18-25
464,Virat Soni,Male,40.0,City,Business Owner,83676.0,Single,26-48
465,Ritvik Saxena,Male,39.0,City,Business Owner,435120.0,Married,26-48
466,Ananya Yadav,Male,44.0,Suburb,Consultant,43466.0,Married,26-48
467,Mihika Lalwani,Male,19.0,Suburb,Freelancer,18103.0,Married,18-25
468,Amaira Dube,Female,22.0,City,Fullstack Developer,47514.0,Married,18-25
469,Priya Sharma,Female,46.0,City,Business Owner,421828.0,Married,26-48
470,Riya Mangal,Female,55.0,City,Business Owner,439576.0,Single,49-65
471,Kriti Mehtani,Male,48.0,City,Business Owner,286984.0,Married,26-48
472,Aaryan Goel,Male,62.0,City,Business Owner,332828.0,Married,49-65
473,Avinash Singh,Female,23.0,City,Freelancer,55011.0,Married,18-25
474,Kavya Mhatre,Female,57.0,City,Business Owner,225316.0,Married,49-65
475,Kriti Rao,Female,28.0,City,Data Scientist,137381.0,Single,26-48
476,Aditi Dua,Female,29.0,Suburb,Data Scientist,125037.0,Married,26-48
477,Amara Chatterjee,Male,33.0,City,Fullstack Developer,94680.0,Married,26-48
478,Aahan Choudhary,Male,41.0,City,Business Owner,317372.0,Single,26-48
479,Aditya Nair,Male,40.0,City,Business Owner,295440.0,Married,26-48
480,Rohan Gupta,Male,51.0,City,Business Owner,245894.0,Married,49-65
481,Gauri Bhat,Female,30.0,City,Data Scientist,169350.0,Single,26-48
482,Ananya Kadam,Male,22.0,City,Freelancer,43783.0,Married,18-25
483,Priya D'Souza,Female,37.0,Suburb,Data Scientist,190369.0,Married,26-48
484,Aarohi Monga,Male,28.0,City,Fullstack Developer,109124.0,Married,26-48
485,Isha Mathur,Male,24.0,City,Freelancer,7674.0,Married,18-25
486,Pooja Agarwal,Male,53.0,City,Business Owner,415191.0,Married,49-65
487,Priya Vernekar,Female,29.0,City,Freelancer,196247.0,Married,26-48
488,Aarushi Ganguly,Female,47.0,City,Consultant,29292.0,Married,26-48
489,Aahan Soni,Male,60.0,Suburb,Business Owner,316173.0,Married,49-65
490,Avinash Acharya,Male,32.0,City,Data Scientist,109012.0,Single,26-48
491,Reyansh Raj,Male,19.0,City,Freelancer,38672.0,Married,18-25
492,Yuvraj Gulati,Male,56.0,City,Business Owner,258154.0,Single,49-65
493,Rudra Dubey,Male,24.0,City,Freelancer,37301.0,Married,18-25
494,Avyanna Patel,Male,41.0,City,Business Owner,225842.0,Married,26-48
495,Ritvik Dhawan,Male,34.0,City,Data Scientist,113191.0,Married,26-48
496,Aarya Pande,Male,25.0,City,Data Scientist,6779.0,Married,18-25
497,Mihika Malik,Male,29.0,Suburb,Freelancer,189569.0,Married,26-48
498,Aaryan Srinivasan,Female,25.0,Suburb,Data Scientist,56534.0,Married,18-25
499,Anika Rana,Male,33.0,City,Fullstack Developer,84833.0,Single,26-48
500,Aarya Patil,Male,21.0,City,Fullstack Developer,32416.0,Single,18-25
501,Krishna Shukla,Male,38.0,City,Data Scientist,181135.0,Married,26-48
502,Ishan Ganguly,Male,35.0,Suburb,Data Scientist,97061.0,Single,26-48
503,Aahana Srivastava,Male,38.0,Suburb,Data Scientist,137381.0,Single,26-48
504,Mira Gavaskar,Female,33.0,City,Fullstack Developer,98231.0,Single,26-48
505,Arjun Wadhwa,Female,27.0,Suburb,Freelancer,221850.0,Married,26-48
506,Riya Chatterjee,Male,29.0,City,Freelancer,171410.0,Married,26-48
507,Amaira Srivastava,Female,27.0,Suburb,Fullstack Developer,94643.0,Married,26-48
508,Zara Bhat,Male,25.0,City,Data Scientist,32640.0,Single,18-25
509,Ridhi Yadav,Male,55.0,City,Business Owner,264749.0,Married,49-65
510,Aahana Shukla,Male,61.0,Suburb,Business Owner,266443.0,Married,49-65
511,Aarohi Bhat,Female,35.0,Suburb,Data Scientist,177733.0,Single,26-48
512,Sneha Yadav,Male,22.0,Suburb,Freelancer,31130.0,Single,18-25
513,Arjun Mukherjee,Male,27.0,City,Data Scientist,129335.0,Single,26-48
514,Kriti Rathod,Female,38.0,City,Business Owner,222856.0,Married,26-48
515,Sanjana Verma,Female,50.0,City,Business Owner,293417.0,Married,49-65
516,Kavya Nair,Male,46.0,City,Business Owner,177542.0,Single,26-48
517,Anaya Batra,Male,29.0,Rural,Fullstack Developer,78291.0,Single,26-48
518,Simran Tandon,Female,34.0,City,Fullstack Developer,143481.0,Married,26-48
519,Avinash Vaswani,Male,60.0,City,Business Owner,225054.0,Single,49-65
520,Aarushi Das,Male,21.0,City,Freelancer,41873.0,Married,18-25
521,Advait Kulkarni,Male,29.0,City,Fullstack Developer,147607.0,Single,26-48
522,Krishna Gulati,Male,43.0,City,Consultant,105051.0,Single,26-48
523,Kriti Bansal,Male,39.0,City,Data Scientist,121729.0,Married,26-48
524,Aaditya Sahani,Female,53.0,Suburb,Business Owner,339870.0,Married,49-65
525,Sara Naidu,Female,21.0,City,Fullstack Developer,42819.0,Married,18-25
526,Aahan Kulkarni,Male,33.0,City,Data Scientist,91667.0,Married,26-48
527,Riya Negi,Female,34.0,City,Data Scientist,191016.0,Married,26-48
528,Myra Dewan,Male,18.0,City,Freelancer,21281.0,Married,18-25
529,Sneha Dua,Male,19.0,City,Freelancer,27523.0,Married,18-25
530,Sneha Goel,Male,53.0,Suburb,Business Owner,372963.0,Married,49-65
531,Avani Rastogi,Male,32.0,City,Business Owner,264749.0,Married,26-48
532,Sara Mistry,Male,36.0,Rural,Data Scientist,119798.0,Married,26-48
533,Aryan Thakur,Female,54.0,City,Business Owner,112754.0,Married,49-65
534,Vihaan Chauhan,Male,23.0,City,Freelancer,43041.0,Married,18-25
535,Akshay Srinivasan,Male,46.0,Suburb,Consultant,6075.0,Single,26-48
536,Yash Kapoor,Male,21.0,City,Freelancer,37679.0,Married,18-25
537,Avyanna Raj,Male,33.0,City,Data Scientist,137381.0,Married,26-48
538,Isha Joshi,Male,25.0,City,Freelancer,47520.0,Married,18-25
539,Arjun Gambhir,Male,27.0,Suburb,Data Scientist,167318.0,Single,26-48
540,Neha Malhotra,Male,41.0,City,Business Owner,254836.0,Married,26-48
541,Rishabh Mukherjee,Male,30.0,City,Data Scientist,172145.0,Single,26-48
542,Kunal Yadav,Female,29.0,Rural,Fullstack Developer,98597.0,Married,26-48
543,Aditya Rathore,Male,41.0,City,Consultant,17218.0,Married,26-48
544,Gauri Gupta,Male,54.0,City,Consultant,59892.0,Married,49-65
545,Arya Gulati,Female,37.0,City,Business Owner,217735.0,Married,26-48
546,Aaditya Shukla,Male,27.0,City,Freelancer,116941.0,Married,26-48
547,Vivaan Lal,Male,29.0,City,Data Scientist,104847.0,Married,26-48
548,Rohan Bali,Male,33.0,City,Business Owner,316901.0,Single,26-48
549,Rishabh Rathod,Female,57.0,Rural,Business Owner,107961.0,Married,49-65
550,Kavya Monga,Male,44.0,City,Business Owner,224323.0,Single,26-48
551,Samaira Kapoor,Male,54.0,City,Business Owner,272068.0,Married,49-65
552,Manya Kulkarni,Male,33.0,City,Data Scientist,122499.0,Married,26-48
553,Gauri Singh,Male,29.0,City,Freelancer,155264.0,Married,26-48
554,Arya Kapoor,Female,55.0,City,Business Owner,402899.0,Married,49-65
555,Manya Tandon,Male,48.0,City,Consultant,61199.0,Married,26-48
556,Ishita Dua,Female,40.0,City,Consultant,79436.0,Single,26-48
557,Arjun Kapoor,Male,19.0,City,Freelancer,19068.0,Single,18-25
558,Akshay Dwivedi,Male,36.0,City,Accountant,69919.0,Married,26-48
559,Isha Mistry,Male,28.0,Suburb,Fullstack Developer,114374.0,Single,26-48
560,Aryan Mittal,Female,23.0,City,Freelancer,42352.0,Married,18-25
561,Vihaan Vernekar,Male,39.0,City,Consultant,7998.0,Single,26-48
562,Ridhi Bansal,Male,28.0,Rural,Fullstack Developer,117303.0,Married,26-48
563,Aahana Mistry,Male,26.0,City,Freelancer,94365.0,Single,26-48
564,Yuvraj Sardar,Male,25.0,City,Data Scientist,33166.0,Single,18-25
565,Zara Trivedi,Female,21.0,Suburb,Freelancer,48310.0,Married,18-25
566,Ishita Taneja,Male,41.0,City,Business Owner,207593.0,Single,26-48
567,Aryan Mehta,Female,44.0,Suburb,Consultant,30280.0,Married,26-48
568,Mihika Ver,Male,21.0,City,Freelancer,38067.0,Married,18-25
569,Ridhi Mehrotra,Male,25.0,Rural,Freelancer,49451.0,Married,18-25
570,Ayush Reddy,Female,24.0,City,Freelancer,59878.0,Married,18-25
571,Myra Mehrotra,Male,48.0,City,Business Owner,429509.0,Married,26-48
572,Isha Goswami,Female,28.0,City,Artist,48608.0,Married,26-48
573,Swara Gavaskar,Male,35.0,City,Business Owner,190358.0,Married,26-48
574,Simran Gavaskar,Male,27.0,City,Data Scientist,198981.0,Married,26-48
575,Advait Tandon,Male,28.0,City,Freelancer,69856.0,Married,26-48
576,Manya Srivastava,Male,25.0,Suburb,Freelancer,42361.0,Single,18-25
577,Yuvraj Gulati,Male,24.0,Rural,Freelancer,13179.0,Married,18-25
578,Ishita Rathod,Male,32.0,City,Data Scientist,101373.0,Married,26-48
579,Sia Bansal,Male,29.0,City,Freelancer,171328.0,Married,26-48
580,Sara Pandey,Male,29.0,City,Freelancer,96480.0,Married,26-48
581,Ishita Dube,Male,21.0,City,Fullstack Developer,46711.0,Married,18-25
582,Mira Arora,Female,30.0,Suburb,Data Scientist,123037.0,Married,26-48
583,Aarya Anand,Male,50.0,Suburb,Consultant,109639.0,Married,49-65
584,Ananya Patil,Male,35.0,City,Data Scientist,156759.0,Married,26-48
585,Ananya Mukherjee,Male,47.0,City,Business Owner,189640.0,Married,26-48
586,Avyanna Srivastava,Male,27.0,City,Freelancer,209355.0,Married,26-48
587,Suhani Shetty,Female,53.0,City,Business Owner,171004.0,Married,49-65
588,Kavya Chatterjee,Male,42.0,City,Consultant,18853.0,Married,26-48
589,Kavya Ver,Female,53.0,City,Business Owner,211928.0,Married,49-65
590,Aarya Sharma,Female,36.0,City,Business Owner,97485.0,Married,26-48
591,Pooja Nanda,Male,33.0,Suburb,Data Scientist,141821.0,Married,26-48
592,Gauri Chatterjee,Male,33.0,Suburb,Data Scientist,172005.0,Single,26-48
593,Vivaan Pande,Female,32.0,City,Business Owner,264749.0,Married,26-48
594,Suhani D'Souza,Male,24.0,City,Freelancer,5708.0,Married,18-25
595,Ritvik Vernekar,Female,36.0,City,Data Scientist,111788.0,Married,26-48
596,Manya Duggal,Female,29.0,Suburb,Data Scientist,155792.0,Married,26-48
597,Anika Singhal,Male,26.0,City,Freelancer,232089.0,Married,26-48
598,Krishna Sareen,Female,51.0,Suburb,Business Owner,214824.0,Married,49-65
599,Kunal Singhania,Female,57.0,City,Business Owner,331694.0,Married,49-65
600,Aarav Bali,Female,38.0,City,Consultant,59892.0,Single,26-48
601,Aarushi Malhotra,Male,56.0,Suburb,Business Owner,421089.0,Married,49-65
602,Avinash Naidu,Male,61.0,City,Business Owner,411929.0,Married,49-65
603,Aahan Jaiswal,Male,18.0,Suburb,Freelancer,58457.0,Married,18-25
604,Akshay Bansal,Male,25.0,Suburb,Fullstack Developer,78291.0,Married,18-25
605,Samar Mathur,Female,35.0,City,Accountant,63883.0,Married,26-48
606,Aryan Sahani,Male,32.0,City,Data Scientist,145504.0,Married,26-48
607,Rudra Tiwari,Female,22.0,City,Fullstack Developer,25136.0,Married,18-25
608,Aarya Goel,Female,29.0,City,Data Scientist,162004.0,Married,26-48
609,Zara Agarwal,Female,25.0,City,Data Scientist,137381.0,Single,18-25
610,Pooja Dube,Female,44.0,City,Business Owner,213638.0,Single,26-48
611,Advait Mangal,Male,51.0,Rural,Business Owner,444776.0,Married,49-65
612,Ayush Banerjee,Male,36.0,City,Data Scientist,188838.0,Married,26-48
613,Veer Mehta,Female,24.0,City,Artist,44782.0,Single,18-25
614,Aryan Ver,Female,25.0,City,Freelancer,35721.0,Married,18-25
615,Veer Srivastava,Male,26.0,City,Freelancer,212398.0,Married,26-48
616,Manya Kapadia,Female,19.0,City,Freelancer,10120.0,Married,18-25
617,Aradhya Goswami,Male,33.0,Suburb,Fullstack Developer,87033.0,Married,26-48
618,Ishan Bhat,Female,29.0,City,Data Scientist,196348.0,Single,26-48
619,Aryan Singhal,Male,46.0,City,Business Owner,193192.0,Married,26-48
620,Aaditya Raj,Female,37.0,Rural,Data Scientist,180772.0,Married,26-48
621,Priya Shukla,Male,31.0,City,Data Scientist,192297.0,Married,26-48
622,Suhani Sareen,Male,25.0,Suburb,Fullstack Developer,42596.0,Single,18-25
623,Advait Vasudeva,Male,48.0,City,Business Owner,321879.0,Married,26-48
624,Aditya Monga,Female,18.0,City,Freelancer,32793.0,Married,18-25
625,Vivaan Kadam,Male,26.0,City,Data Scientist,117389.0,Married,26-48
626,Yuvraj Dubey,Male,22.0,City,Fullstack Developer,8138.0,Married,18-25
627,Ayush D'Souza,Female,18.0,City,Freelancer,55724.0,Single,18-25
628,Arnav Jha,Male,47.0,Suburb,Consultant,44646.0,Married,26-48
629,Advait Banerjee,Male,28.0,Suburb,Freelancer,198082.0,Married,26-48
630,Aanya Dewan,Male,29.0,Suburb,Freelancer,186031.0,Married,26-48
631,Avinash Duggal,Male,50.0,Suburb,Consultant,21070.0,Married,49-65
632,Arya Saxena,Female,32.0,City,Data Scientist,177600.0,Married,26-48
633,Vihaan Negi,Female,35.0,City,Business Owner,336658.0,Single,26-48
634,Aradhya Pandey,Male,26.0,City,Data Scientist,137381.0,Married,26-48
635,Sanjana Kaul,Female,21.0,City,Freelancer,46759.0,Married,18-25
636,Kabir Rathod,Male,48.0,City,Business Owner,357693.0,Single,26-48
637,Vihaan Yadav,Male,33.0,City,Fullstack Developer,98828.0,Married,26-48
638,Rehan Pandey,Male,31.0,Rural,Data Scientist,189224.0,Married,26-48
639,Sneha Mhatre,Male,24.0,Suburb,Fullstack Developer,18534.0,Single,18-25
640,Advait Narang,Male,48.0,City,Consultant,105906.0,Married,26-48
641,Yuvraj Dutta,Male,41.0,City,Business Owner,155726.0,Married,26-48
642,Arjun Kulkarni,Female,29.0,City,Freelancer,248597.0,Married,26-48
643,Kiaan Vaswani,Male,42.0,Suburb,Business Owner,404875.0,Single,26-48
644,Aradhya Bose,Female,24.0,City,Freelancer,50014.0,Married,18-25
645,Ayush Mehrotra,Male,64.0,City,Business Owner,264749.0,Single,49-65
646,Pranav Das,Male,25.0,City,Fullstack Developer,30307.0,Single,18-25
647,Ridhi Dhawan,Female,29.0,City,Data Scientist,161541.0,Married,26-48
648,Zara Das,Male,27.0,City,Data Scientist,192974.0,Single,26-48
649,Aditya Rao,Male,41.0,City,Consultant,59892.0,Married,26-48
650,Reyansh Tandon,Male,61.0,Suburb,Business Owner,194922.0,Single,49-65
651,Reyansh Banerjee,Female,47.0,Rural,Consultant,59892.0,Married,26-48
652,Kunal Khanna,Male,24.0,City,Fullstack Developer,32014.0,Single,18-25
653,Aahan Malhotra,Female,26.0,City,Freelancer,210957.0,Married,26-48
654,Kiaan Patil,Female,38.0,City,Consultant,17135.0,Married,26-48
655,Sanjana Arora,Female,35.0,Suburb,Data Scientist,111306.0,Married,26-48
656,Aarushi Rathod,Male,40.0,City,Business Owner,276974.0,Married,26-48
657,Reyansh Duggal,Female,26.0,City,Freelancer,80428.0,Married,26-48
658,Kiaan Lalwani,Female,19.0,City,Freelancer,17669.0,Married,18-25
659,Mira Vaswani,Female,29.0,City,Artist,32760.0,Married,26-48
660,Aditya Rao,Female,35.0,City,Data Scientist,181052.0,Married,26-48
661,Rehan Sareen,Male,34.0,Rural,Accountant,55489.0,Married,26-48
662,Ishan Gupta,Male,34.0,City,Fullstack Developer,143915.0,Married,26-48
663,Aaditya Wadhwa,Male,23.0,City,Freelancer,44128.0,Single,18-25
664,Anika Sen,Female,22.0,City,Freelancer,52061.0,Married,18-25
665,Rohan Vasudeva,Male,32.0,Rural,Fullstack Developer,78291.0,Married,26-48
666,Suhani Rana,Female,28.0,City,Data Scientist,91538.0,Married,26-48
667,Aarya Duggal,Male,54.0,City,Consultant,66125.0,Married,49-65
668,Aaditya Acharya,Male,44.0,City,Consultant,16571.0,Married,26-48
669,Mira Dhawan,Female,39.0,City,Data Scientist,190652.0,Married,26-48
670,Vihaan Acharya,Male,61.0,City,Business Owner,329548.0,Married,49-65
671,Advik Acharya,Male,40.0,City,Consultant,116070.0,Married,26-48
672,Anika Joshi,Male,54.0,City,Business Owner,405425.0,Married,49-65
673,Neha Sethi,Female,27.0,City,Fullstack Developer,70847.0,Married,26-48
674,Aradhya Kulkarni,Female,58.0,City,Business Owner,315163.0,Married,49-65
675,Ishita Batra,Female,39.0,Suburb,Business Owner,132951.0,Married,26-48
676,Ishan Sharma,Male,20.0,City,Fullstack Developer,31410.0,Married,18-25
677,Riya Mittal,Male,47.0,Suburb,Consultant,77015.0,Married,26-48
678,Sara Verma,Male,36.0,Suburb,Data Scientist,142723.0,Married,26-48
679,Aditya Singh,Male,24.0,Rural,Fullstack Developer,18566.0,Married,18-25
680,Veer Rana,Male,49.0,City,Consultant,94944.0,Married,49-65
681,Ayush Chatterjee,Male,23.0,City,Freelancer,38515.0,Single,18-25
682,Aaryan Kapoor,Male,37.0,Suburb,Data Scientist,137381.0,Married,26-48
683,Avani Gupta,Male,23.0,City,Freelancer,38914.0,Married,18-25
684,Aaryan Soni,Male,39.0,Suburb,Data Scientist,183997.0,Married,26-48
685,Simran Malhotra,Female,61.0,City,Business Owner,247826.0,Single,49-65
686,Aarav Mangal,Male,60.0,Suburb,Business Owner,187035.0,Married,49-65
687,Gauri Nanda,Male,40.0,City,Business Owner,264749.0,Married,26-48
688,Anika Sinha,Female,31.0,City,Fullstack Developer,132023.0,Married,26-48
689,Aahan Nair,Male,26.0,City,Artist,45794.0,Married,26-48
690,Arnav Shukla,Female,27.0,Suburb,Artist,41967.0,Married,26-48
691,Kriti Gulati,Male,26.0,City,Freelancer,236483.0,Single,26-48
692,Amara Wadhwa,Male,51.0,City,Business Owner,435530.0,Married,49-65
693,Aarohi Dubey,Male,51.0,City,Business Owner,83045.0,Married,49-65
694,Amaira Kulkarni,Female,37.0,Suburb,Data Scientist,137381.0,Married,26-48
695,Arjun Mathur,Male,28.0,City,Data Scientist,137381.0,Married,26-48
696,Amara Gavaskar,Male,51.0,City,Consultant,5175.0,Married,49-65
697,Avani Lalwani,Male,47.0,City,Consultant,59892.0,Married,26-48
698,Yuvraj D'Souza,Male,18.0,City,Freelancer,36031.0,Single,18-25
699,Isha Pande,Male,52.0,City,Business Owner,299596.0,Single,49-65
700,Yuvraj Sareen,Male,28.0,Suburb,Freelancer,95122.0,Single,26-48
701,Ananya Rastogi,Female,25.0,City,Freelancer,47740.0,Married,18-25
702,Neha Bansal,Female,39.0,City,Business Owner,333380.0,Married,26-48
703,Ishita Dewan,Female,41.0,Suburb,Business Owner,261406.0,Married,26-48
704,Aradhya Goswami,Female,24.0,City,Freelancer,43404.0,Single,18-25
705,Swara Bali,Female,22.0,City,Fullstack Developer,47403.0,Married,18-25
706,Ridhi Vernekar,Female,28.0,City,Artist,46682.0,Married,26-48
707,Arya Bansal,Female,47.0,City,Business Owner,171796.0,Single,26-48
708,Kriti Agarwal,Male,62.0,Suburb,Business Owner,440129.0,Married,49-65
709,Neha Soni,Male,29.0,City,Data Scientist,189830.0,Married,26-48
710,Rehan Patel,Female,32.0,City,Data Scientist,98417.0,Married,26-48
711,Kabir Mehrotra,Male,26.0,City,Accountant,66855.0,Married,26-48
712,Vihaan Gambhir,Female,40.0,Suburb,Business Owner,102016.0,Married,26-48
713,Avinash Mathur,Female,18.0,City,Freelancer,59627.0,Single,18-25
714,Kabir Rastogi,Male,64.0,Rural,Business Owner,280995.0,Married,49-65
715,Kabir Lal,Male,36.0,City,Business Owner,153729.0,Married,26-48
716,Mira Singhal,Male,47.0,City,Business Owner,408073.0,Married,26-48
717,Akshay Ver,Female,28.0,City,Freelancer,94058.0,Married,26-48
718,Kunal Mhatre,Female,24.0,Suburb,Fullstack Developer,8969.0,Married,18-25
719,Swara Kapadia,Female,47.0,Suburb,Consultant,70742.0,Married,26-48
720,Anjali Narang,Male,39.0,City,Data Scientist,181496.0,Married,26-48
721,Swara Kadam,Male,61.0,City,Business Owner,146516.0,Married,49-65
722,Zara Kadam,Female,23.0,City,Freelancer,47665.0,Married,18-25
723,Virat Jaiswal,Male,35.0,City,Data Scientist,113925.0,Married,26-48
724,Kiaan Gandhi,Male,60.0,Suburb,Business Owner,98216.0,Married,49-65
725,Reyansh Rastogi,Male,29.0,City,Freelancer,66225.0,Married,26-48
726,Aarohi Kapoor,Male,60.0,Rural,Business Owner,198252.0,Married,49-65
727,Avyanna Anand,Male,33.0,City,Business Owner,309420.0,Married,26-48
728,Dhruv Srinivasan,Male,29.0,City,Data Scientist,107383.0,Married,26-48
729,Yuvraj Gambhir,Male,51.0,City,Business Owner,382836.0,Married,49-65
730,Zara Verma,Male,48.0,City,Consultant,112627.0,Single,26-48
731,Yash Rathod,Male,35.0,City,Business Owner,135554.0,Married,26-48
732,Akshay Pande,Male,29.0,City,Data Scientist,176236.0,Single,26-48
733,Aryan Pandey,Male,20.0,City,Freelancer,50308.0,Single,18-25
734,Akshay Trivedi,Female,23.0,Rural,Freelancer,39844.0,Married,18-25
735,Kiaan Taneja,Female,23.0,City,Freelancer,36490.0,Married,18-25
736,Pranav Khanna,Male,19.0,City,Freelancer,14647.0,Married,18-25
737,Vihaan Singhania,Male,25.0,City,Fullstack Developer,37345.0,Married,18-25
738,Mira Dewan,Female,25.0,City,Fullstack Developer,55787.0,Married,18-25
739,Akshay Pawar,Male,24.0,Suburb,Artist,37472.0,Married,18-25
740,Ishita Dubey,Male,27.0,City,Freelancer,195752.0,Married,26-48
741,Sia Patel,Male,40.0,City,Consultant,6501.0,Married,26-48
742,Pooja Verma,Male,41.0,Suburb,Business Owner,75383.0,Single,26-48
743,Arya Sahani,Female,35.0,Suburb,Data Scientist,100811.0,Married,26-48
744,Suhani Dube,Female,21.0,City,Fullstack Developer,51510.0,Married,18-25
745,Mihika Sahani,Female,39.0,City,Data Scientist,137381.0,Married,26-48
746,Kavya Narang,Male,28.0,City,Accountant,77114.0,Married,26-48
747,Akshay Gandhi,Male,48.0,Suburb,Consultant,115883.0,Married,26-48
748,Aahana Bose,Male,30.0,Suburb,Fullstack Developer,144901.0,Married,26-48
749,Aaryan Shah,Male,32.0,Suburb,Accountant,62037.0,Married,26-48
750,Manya Acharya,Male,55.0,City,Business Owner,267157.0,Married,49-65
751,Samar Joshi,Male,28.0,Rural,Data Scientist,115784.0,Married,26-48
752,Swara Rastogi,Female,32.0,City,Fullstack Developer,152874.0,Single,26-48
753,Advait Mhatre,Male,29.0,City,Data Scientist,117218.0,Married,26-48
754,Avyanna Arora,Male,29.0,City,Fullstack Developer,110723.0,Single,26-48
755,Sara Vernekar,Male,50.0,City,Business Owner,149970.0,Married,49-65
756,Anaya Gulati,Female,29.0,City,Data Scientist,127401.0,Married,26-48
757,Aarohi Choudhary,Female,27.0,Suburb,Freelancer,123004.0,Married,26-48
758,Aahan Duggal,Female,29.0,Rural,Fullstack Developer,155732.0,Married,26-48
759,Rudra Nair,Male,52.0,Suburb,Business Owner,130531.0,Married,49-65
760,Aaditya Vaswani,Male,22.0,Suburb,Freelancer,21119.0,Single,18-25
761,Aditya Kapoor,Male,21.0,City,Freelancer,48869.0,Single,18-25
762,Aarya Singhania,Male,62.0,City,Business Owner,278922.0,Single,49-65
763,Akshay Goel,Male,29.0,City,Fullstack Developer,87479.0,Married,26-48
764,Vihaan Mittal,Female,31.0,Rural,Fullstack Developer,140750.0,Married,26-48
765,Kavya Banerjee,Female,44.0,Suburb,Consultant,108958.0,Married,26-48
766,Mira Bajaj,Female,41.0,City,Business Owner,229011.0,Married,26-48
767,Aarohi Kulkarni,Male,29.0,Suburb,Data Scientist,182533.0,Married,26-48
768,Ridhi Ver,Male,22.0,City,Fullstack Developer,11526.0,Married,18-25
769,Riya Rao,Male,24.0,Rural,Fullstack Developer,46272.0,Married,18-25
770,Gauri Joshi,Female,59.0,City,Business Owner,163085.0,Married,49-65
771,Amaira Mukherjee,Male,60.0,City,Business Owner,381515.0,Married,49-65
772,Virat Gavaskar,Male,18.0,Suburb,Freelancer,45041.0,Married,18-25
773,Aahana Khanna,Male,42.0,City,Business Owner,161187.0,Married,26-48
774,Ayush Sinha,Male,29.0,City,Freelancer,213065.0,Married,26-48
775,Reyansh Mangal,Male,30.0,City,Data Scientist,119162.0,Married,26-48
776,Avyanna Singh,Male,57.0,Suburb,Business Owner,231834.0,Married,49-65
777,Anaya Ver,Female,51.0,City,Business Owner,280824.0,Married,49-65
778,Anjali Puri,Male,22.0,Suburb,Freelancer,50630.0,Married,18-25
779,Aradhya Sethi,Female,61.0,City,Business Owner,380053.0,Married,49-65
780,Ishita Sethi,Male,34.0,Suburb,Business Owner,401868.0,Married,26-48
781,Advait Singhania,Male,52.0,City,Consultant,44421.0,Single,49-65
782,Mira Naidu,Male,26.0,City,Freelancer,124495.0,Married,26-48
783,Zara Dutta,Male,24.0,City,Freelancer,23573.0,Married,18-25
784,Kiaan Sethi,Male,25.0,City,Freelancer,34177.0,Married,18-25
785,Avani Dua,Male,27.0,City,Data Scientist,137381.0,Single,26-48
786,Aanya Wadhwa,Male,29.0,City,Fullstack Developer,80098.0,Married,26-48
787,Rehan Thakur,Male,18.0,City,Freelancer,45338.0,Married,18-25
788,Riya Gupta,Male,53.0,Suburb,Business Owner,267106.0,Married,49-65
789,Samar Soni,Male,20.0,City,Fullstack Developer,78291.0,Single,18-25
790,Aditi Srivastava,Male,52.0,City,Business Owner,351669.0,Married,49-65
791,Yuvraj Shukla,Male,24.0,Suburb,Freelancer,58382.0,Married,18-25
792,Mira Singhal,Female,38.0,City,Data Scientist,137381.0,Single,26-48
793,Ishan Naidu,Male,33.0,Suburb,Business Owner,323446.0,Married,26-48
794,Aaryan Batra,Female,29.0,City,Freelancer,132667.0,Single,26-48
795,Arjun Monga,Male,40.0,City,Business Owner,226278.0,Single,26-48
796,Aarohi Chatterjee,Female,24.0,City,Freelancer,59359.0,Single,18-25
797,Sia Duggal,Male,20.0,City,Fullstack Developer,51602.0,Married,18-25
798,Aaryan Mistry,Male,29.0,City,Artist,32710.0,Married,26-48
799,Vivaan Goyal,Male,44.0,Rural,Consultant,58585.0,Married,26-48
800,Rudra Chauhan,Male,28.0,City,Data Scientist,198131.0,Single,26-48
801,Swara Rathore,Male,23.0,Suburb,Freelancer,53314.0,Married,18-25
802,Anjali Mittal,Male,24.0,City,Fullstack Developer,30316.0,Married,18-25
803,Amara Sethi,Male,22.0,City,Fullstack Developer,45513.0,Married,18-25
804,Priya Sinha,Female,39.0,Suburb,Business Owner,78987.0,Married,26-48
805,Zara Pandey,Female,32.0,City,Business Owner,292375.0,Married,26-48
806,Aahana Rastogi,Male,21.0,City,Freelancer,35607.0,Married,18-25
807,Avani Dhawan,Male,39.0,City,Business Owner,234986.0,Married,26-48
808,Gauri Rao,Male,48.0,City,Consultant,33682.0,Married,26-48
809,Kunal Kapoor,Female,23.0,Suburb,Freelancer,57427.0,Married,18-25
810,Kabir Bali,Male,39.0,City,Business Owner,446935.0,Married,26-48
811,Yash Acharya,Male,24.0,Suburb,Freelancer,46599.0,Single,18-25
812,Mira Khanna,Male,29.0,Suburb,Freelancer,223260.0,Married,26-48
813,Neha Singh,Male,21.0,City,Freelancer,16465.0,Married,18-25
814,Aarav Nanda,Female,32.0,City,Data Scientist,171287.0,Married,26-48
815,Avinash Tandon,Male,27.0,Suburb,Freelancer,217903.0,Married,26-48
816,Akshay Sardar,Male,26.0,City,Artist,59941.0,Single,26-48
817,Kabir Mangal,Male,61.0,Suburb,Business Owner,377165.0,Married,49-65
818,Arjun Patil,Male,47.0,City,Consultant,59892.0,Single,26-48
819,Vihaan Lalwani,Female,29.0,City,Fullstack Developer,128100.0,Married,26-48
820,Pranav Monga,Male,52.0,City,Business Owner,243585.0,Married,49-65
821,Kunal Trivedi,Male,32.0,City,Data Scientist,171504.0,Married,26-48
822,Amara Pande,Female,28.0,City,Freelancer,90409.0,Married,26-48
823,Arjun D'Souza,Male,43.0,Suburb,Business Owner,427738.0,Single,26-48
824,Reyansh Narang,Male,25.0,City,Artist,47988.0,Single,18-25
825,Yash Sareen,Male,51.0,Suburb,Business Owner,444430.0,Married,49-65
826,Yuvraj Jaiswal,Male,32.0,City,Data Scientist,94050.0,Married,26-48
827,Ishan Mukherjee,Female,47.0,City,Consultant,71868.0,Married,26-48
828,Sia Mathur,Male,55.0,City,Business Owner,174638.0,Married,49-65
829,Simran Sardar,Male,47.0,City,Consultant,63148.0,Married,26-48
830,Pooja Jaiswal,Male,36.0,City,Data Scientist,121975.0,Married,26-48
831,Kabir Joshi,Male,29.0,City,Fullstack Developer,92369.0,Married,26-48
832,Suhani Mehta,Female,23.0,City,Fullstack Developer,18777.0,Single,18-25
833,Pranav Dwivedi,Female,27.0,City,Fullstack Developer,95379.0,Single,26-48
834,Advik Gavaskar,Male,29.0,City,Freelancer,215587.0,Married,26-48
835,Neha Nanda,Male,21.0,City,Freelancer,53682.0,Married,18-25
836,Aaryan Tiwari,Female,39.0,City,Consultant,99408.0,Married,26-48
837,Aditya Shah,Male,48.0,City,Business Owner,348593.0,Single,26-48
838,Aaryan Kaul,Male,18.0,Suburb,Freelancer,57137.0,Married,18-25
839,Arjun Mehrotra,Female,50.0,Suburb,Consultant,67571.0,Married,49-65
840,Rehan Anand,Male,38.0,City,Data Scientist,122346.0,Married,26-48
841,Ridhi Shetty,Male,22.0,City,Freelancer,17057.0,Married,18-25
842,Aarya Rathore,Male,34.0,Rural,Fullstack Developer,71790.0,Married,26-48
843,Arjun Sinha,Male,29.0,City,Freelancer,102849.0,Single,26-48
844,Samaira Rathore,Female,29.0,Suburb,Fullstack Developer,150063.0,Married,26-48
845,Anika Mehtani,Female,54.0,Suburb,Business Owner,129586.0,Married,49-65
846,Anika Kadam,Male,46.0,City,Consultant,20838.0,Married,26-48
847,Riya Jain,Male,22.0,City,Freelancer,9047.0,Married,18-25
848,Zara Gavaskar,Female,50.0,City,Business Owner,285192.0,Single,49-65
849,Swara Dubey,Male,29.0,City,Fullstack Developer,78291.0,Married,26-48
850,Rohan Singhania,Male,54.0,City,Business Owner,441295.0,Married,49-65
851,Vihaan Acharya,Male,25.0,City,Freelancer,27402.0,Single,18-25
852,Neha Jaiswal,Male,29.0,Suburb,Freelancer,227541.0,Married,26-48
853,Rehan Rathore,Male,25.0,City,Freelancer,27783.0,Single,18-25
854,Krishna Dhawan,Male,54.0,City,Business Owner,231540.0,Married,49-65
855,Ridhi Mukherjee,Female,46.0,Suburb,Consultant,58017.0,Married,26-48
856,Aarav D'Souza,Female,27.0,City,Fullstack Developer,30689.0,Married,26-48
857,Arnav Singhal,Female,27.0,City,Freelancer,231135.0,Single,26-48
858,Zara Lalwani,Female,47.0,City,Business Owner,337815.0,Single,26-48
859,Mira Bansal,Male,39.0,Suburb,Consultant,63069.0,Married,26-48
860,Aaditya Malik,Male,60.0,City,Business Owner,104218.0,Married,49-65
861,Yuvraj Mittal,Female,23.0,Suburb,Fullstack Developer,22927.0,Married,18-25
862,Samaira Banerjee,Male,27.0,Suburb,Freelancer,64662.0,Married,26-48
863,Aditya Thakur,Male,50.0,City,Business Owner,353543.0,Married,49-65
864,Ishan Jha,Male,20.0,City,Freelancer,47615.0,Married,18-25
865,Aaditya Mistry,Male,39.0,Suburb,Business Owner,251649.0,Married,26-48
866,Sneha Gambhir,Male,26.0,City,Fullstack Developer,115464.0,Single,26-48
867,Virat Dewan,Male,49.0,City,Business Owner,447655.0,Single,49-65
868,Reyansh Goyal,Female,33.0,City,Fullstack Developer,90039.0,Married,26-48
869,Aarav Duggal,Male,39.0,Rural,Business Owner,217684.0,Married,26-48
870,Ananya Sethi,Female,25.0,City,Artist,47559.0,Married,18-25
871,Aarya Dutta,Male,39.0,City,Business Owner,191882.0,Married,26-48
872,Virat Shah,Male,28.0,City,Fullstack Developer,135260.0,Single,26-48
873,Aahana Kaul,Male,22.0,City,Artist,57842.0,Married,18-25
874,Avani Tandon,Female,26.0,City,Artist,69080.0,Married,26-48
875,Ishan Wadhwa,Male,50.0,Suburb,Business Owner,270462.0,Married,49-65
876,Pranav Dhawan,Male,50.0,City,Business Owner,107166.0,Married,49-65
877,Mira Malik,Male,24.0,Suburb,Freelancer,43768.0,Single,18-25
878,Samar Kapoor,Male,55.0,Suburb,Business Owner,227268.0,Married,49-65
879,Riya Nanda,Male,49.0,Suburb,Business Owner,192207.0,Single,49-65
880,Ridhi Agarwal,Male,59.0,Suburb,Business Owner,362754.0,Married,49-65
881,Kunal Sen,Female,56.0,City,Business Owner,425147.0,Married,49-65
882,Samaira Sethi,Female,50.0,City,Business Owner,279633.0,Married,49-65
883,Rishabh Gandhi,Male,41.0,City,Consultant,117634.0,Married,26-48
884,Yuvraj Srivastava,Female,24.0,Suburb,Freelancer,28932.0,Married,18-25
885,Manya Sinha,Male,33.0,Suburb,Data Scientist,113641.0,Married,26-48
886,Anjali Dubey,Male,22.0,City,Freelancer,22930.0,Married,18-25
887,Manya Duggal,Female,30.0,Suburb,Fullstack Developer,152924.0,Married,26-48
888,Rohan Mehta,Female,47.0,City,Consultant,12381.0,Married,26-48
889,Aditya Gandhi,Male,36.0,City,Business Owner,103267.0,Married,26-48
890,Vivaan Dhawan,Male,64.0,City,Business Owner,413211.0,Married,49-65
891,Pranav Rastogi,Male,42.0,Suburb,Business Owner,202157.0,Married,26-48
892,Aryan Pande,Male,42.0,Rural,Business Owner,435372.0,Married,26-48
893,Riya Bali,Male,50.0,Suburb,Business Owner,273718.0,Married,49-65
894,Sara Dubey,Male,31.0,City,Data Scientist,128377.0,Single,26-48
895,Akshay Singh,Male,44.0,City,Business Owner,251232.0,Married,26-48
896,Ritvik Soni,Male,24.0,City,Freelancer,31533.0,Married,18-25
897,Advait Kulkarni,Male,60.0,City,Business Owner,445385.0,Married,49-65
898,Rishabh Rathore,Male,57.0,Suburb,Business Owner,423586.0,Married,49-65
899,Rishabh Verma,Male,41.0,City,Business Owner,118769.0,Single,26-48
900,Sneha Sahani,Female,51.0,City,Consultant,96429.0,Married,49-65
901,Aaditya Dube,Female,39.0,City,Data Scientist,161300.0,Single,26-48
902,Manya Kadam,Female,33.0,Rural,Business Owner,324714.0,Single,26-48
903,Mira Trivedi,Male,22.0,City,Freelancer,14982.0,Married,18-25
904,Aaditya Acharya,Male,57.0,Rural,Business Owner,214948.0,Single,49-65
905,Gauri Kaul,Male,39.0,City,Data Scientist,124803.0,Married,26-48
906,Ayush Goel,Male,38.0,City,Consultant,51175.0,Married,26-48
907,Aarohi Monga,Male,29.0,Rural,Freelancer,93768.0,Married,26-48
908,Mihika Mehta,Female,31.0,City,Data Scientist,157371.0,Married,26-48
909,Krishna Malik,Male,48.0,Suburb,Consultant,33172.0,Married,26-48
910,Myra Nair,Female,46.0,Suburb,Consultant,109271.0,Married,26-48
911,Samaira Reddy,Male,37.0,City,Data Scientist,97002.0,Single,26-48
912,Ridhi Singhania,Female,22.0,Rural,Freelancer,7903.0,Married,18-25
913,Aarav Rastogi,Male,26.0,City,Freelancer,182589.0,Single,26-48
914,Dhruv Mehtani,Female,21.0,Suburb,Fullstack Developer,31409.0,Single,18-25
915,Zara Pawar,Male,24.0,Suburb,Freelancer,23909.0,Married,18-25
916,Kiaan Duggal,Female,21.0,City,Freelancer,32514.0,Single,18-25
917,Aarohi Sahani,Male,21.0,City,Fullstack Developer,51895.0,Married,18-25
918,Ayush Ganguly,Female,22.0,City,Freelancer,17540.0,Married,18-25
919,Ridhi Kapadia,Male,42.0,City,Business Owner,156407.0,Single,26-48
920,Virat Vernekar,Male,39.0,Suburb,Consultant,7985.0,Married,26-48
921,Samar Nanda,Female,25.0,Rural,Fullstack Developer,34870.0,Married,18-25
922,Isha Batra,Female,53.0,City,Business Owner,304869.0,Single,49-65
923,Myra Rathore,Male,26.0,City,Data Scientist,132303.0,Married,26-48
924,Kriti Joshi,Male,24.0,City,Freelancer,51629.0,Married,18-25
925,Swara Rathore,Female,28.0,City,Freelancer,206341.0,Married,26-48
926,Aaditya Narang,Female,20.0,City,Fullstack Developer,28209.0,Single,18-25
927,Anaya Bali,Male,23.0,Suburb,Freelancer,51247.0,Married,18-25
928,Samaira Gulati,Male,25.0,City,Artist,48942.0,Married,18-25
929,Veer Sahani,Male,53.0,City,Business Owner,397779.0,Single,49-65
930,Pranav Gulati,Female,29.0,Suburb,Freelancer,139321.0,Married,26-48
931,Kriti Goswami,Female,47.0,Suburb,Consultant,70471.0,Married,26-48
932,Pranav Mukherjee,Male,64.0,City,Business Owner,285121.0,Married,49-65
933,Ayush Gandhi,Male,35.0,City,Data Scientist,137381.0,Married,26-48
934,Kunal Singhania,Female,25.0,Suburb,Accountant,27895.0,Married,18-25
935,Ananya Choudhary,Male,23.0,City,Artist,42753.0,Married,18-25
936,Manya Dhawan,Male,25.0,City,Artist,17752.0,Married,18-25
937,Aarav Mathur,Male,34.0,City,Fullstack Developer,136244.0,Married,26-48
938,Isha Naidu,Male,20.0,City,Fullstack Developer,55612.0,Married,18-25
939,Samaira Mehtani,Female,25.0,City,Artist,52069.0,Married,18-25
940,Aarohi Bansal,Female,41.0,City,Business Owner,98566.0,Married,26-48
941,Yash Narang,Male,28.0,City,Data Scientist,117457.0,Married,26-48
942,Ayush Sinha,Male,22.0,Rural,Fullstack Developer,51315.0,Married,18-25
943,Pranav Goswami,Male,30.0,Suburb,Data Scientist,95595.0,Married,26-48
944,Aaditya Gupta,Male,21.0,City,Freelancer,20408.0,Married,18-25
945,Advik Mukherjee,Female,36.0,City,Data Scientist,111810.0,Married,26-48
946,Suhani Kadam,Female,31.0,Suburb,Data Scientist,103467.0,Married,26-48
947,Manya Lalwani,Female,39.0,City,Business Owner,254881.0,Married,26-48
948,Aahan Goswami,Female,18.0,City,Freelancer,39135.0,Single,18-25
949,Kabir Rao,Female,32.0,City,Data Scientist,139076.0,Single,26-48
950,Sanjana Mathur,Female,31.0,Suburb,Fullstack Developer,81489.0,Married,26-48
951,Rehan Pandey,Female,31.0,City,Accountant,62220.0,Married,26-48
952,Ishan Khanna,Male,32.0,City,Data Scientist,49677.0,Married,26-48
953,Rohan Das,Female,64.0,City,Business Owner,200192.0,Married,49-65
954,Kiaan Mehrotra,Male,33.0,City,Business Owner,225962.0,Married,26-48
955,Mihika Monga,Male,31.0,City,Data Scientist,162382.0,Married,26-48
956,Ridhi Naidu,Male,39.0,Suburb,Business Owner,264749.0,Married,26-48
957,Aaryan Puri,Female,24.0,City,Artist,45794.0,Married,18-25
958,Ananya Trivedi,Male,38.0,City,Data Scientist,187650.0,Married,26-48
959,Ayush Mathur,Male,24.0,City,Freelancer,58752.0,Married,18-25
960,Kriti Nanda,Male,23.0,City,Artist,9667.0,Single,18-25
961,Aaryan Sethi,Male,21.0,City,Freelancer,42046.0,Married,18-25
962,Gauri Srinivasan,Male,58.0,City,Business Owner,305929.0,Married,49-65
963,Aisha Bose,Male,27.0,City,Data Scientist,170596.0,Married,26-48
964,Sanjana Lalwani,Female,22.0,City,Freelancer,34227.0,Married,18-25
965,Kavya Soni,Male,50.0,City,Business Owner,413556.0,Married,49-65
966,Suhani Bajaj,Male,35.0,Suburb,Business Owner,336275.0,Married,26-48
967,Anaya Singhania,Male,31.0,City,Data Scientist,164318.0,Married,26-48
968,Aarya Dhawan,Male,55.0,Suburb,Business Owner,203224.0,Married,49-65
969,Ishan Mehta,Male,56.0,Suburb,Business Owner,287627.0,Married,49-65
970,Vivaan Shah,Male,55.0,Suburb,Business Owner,263055.0,Married,49-65
971,Mihika Yadav,Male,21.0,City,Freelancer,8949.0,Married,18-25
972,Aanya Pawar,Male,24.0,Suburb,Fullstack Developer,17315.0,Married,18-25
973,Aradhya Pande,Male,20.0,City,Fullstack Developer,38679.0,Married,18-25
974,Sara Gupta,Male,21.0,City,Freelancer,56611.0,Married,18-25
975,Aarav Khanna,Male,34.0,City,Data Scientist,126822.0,Married,26-48
976,Ridhi Vernekar,Male,34.0,City,Business Owner,92899.0,Single,26-48
977,Veer Pawar,Male,28.0,City,Fullstack Developer,140691.0,Married,26-48
978,Ishita Narang,Female,33.0,City,Fullstack Developer,75011.0,Married,26-48
979,Aryan Dwivedi,Male,40.0,City,Consultant,115646.0,Single,26-48
980,Mihika Rao,Male,27.0,City,Freelancer,163064.0,Married,26-48
981,Vihaan Dhawan,Male,24.0,Rural,Fullstack Developer,49141.0,Married,18-25
982,Arjun Nanda,Male,46.0,Rural,Business Owner,122954.0,Single,26-48
983,Avani Puri,Male,25.0,Suburb,Data Scientist,12056.0,Married,18-25
984,Zara Malhotra,Female,20.0,City,Fullstack Developer,15033.0,Married,18-25
985,Sneha Agarwal,Male,40.0,Suburb,Business Owner,432100.0,Married,26-48
986,Suhani Choudhary,Male,39.0,City,Data Scientist,115376.0,Married,26-48
987,Aahana Choudhary,Female,20.0,City,Fullstack Developer,51566.0,Married,18-25
988,Ritvik Kulkarni,Male,59.0,City,Business Owner,303101.0,Married,49-65
989,Ananya Mehrotra,Female,40.0,Suburb,Consultant,39117.0,Married,26-48
990,Avani Pande,Male,55.0,City,Business Owner,239619.0,Married,49-65
991,Amaira Monga,Male,44.0,City,Business Owner,152116.0,Married,26-48
992,Krishna Banerjee,Male,27.0,City,Fullstack Developer,93267.0,Single,26-48
993,Pooja Agarwal,Male,37.0,City,Data Scientist,129041.0,Married,26-48
994,Mihika Goel,Male,28.0,City,Freelancer,81565.0,Single,26-48
995,Mihika Sareen,Female,27.0,City,Data Scientist,169888.0,Married,26-48
996,Advait Rana,Female,26.0,City,Freelancer,46759.0,Married,26-48
997,Sia Chatterjee,Male,55.0,City,Business Owner,290061.0,Single,49-65
998,Amara Tiwari,Male,29.0,City,Fullstack Developer,139141.0,Married,26-48
999,Aanya Malhotra,Female,47.0,City,Business Owner,264749.0,Married,26-48
1000,Dhruv Goel,Male,28.0,City,Freelancer,226873.0,Married,26-48
